onset_iso,onset_sample_index,onset_seconds,step_index,phase,cue,duration_s
2026-09-23T15:05:33.878,7516,30.064,0,settle,RELAX,10
2026-09-23T15:05:43.879,9998,39.992,1,fixation,+,2
2026-09-23T15:05:45.884,10512,42.048,2,cue_right,RIGHT,1.5
2026-09-23T15:05:47.384,10888,43.552,3,move_right,SQUEEZE RIGHT HAND,4
2026-09-23T15:05:51.385,11886,47.544,4,rest,REST,3
2026-09-23T15:05:54.393,12637,50.548,5,fixation,+,2
2026-09-23T15:05:56.383,13131,52.524,6,cue_right,RIGHT,1.5
2026-09-23T15:05:57.885,13508,54.032,7,move_right,SQUEEZE RIGHT HAND,4
2026-09-23T15:06:01.886,14507,58.028,8,rest,REST,3
2026-09-23T15:06:04.888,15254,61.016,9,fixation,+,2
2026-09-23T15:06:06.878,15752,63.008,10,cue_right,RIGHT,1.5
2026-09-23T15:06:08.392,16128,64.512,11,move_right,SQUEEZE RIGHT HAND,4
2026-09-23T15:06:12.387,17127,68.508,12,rest,REST,3
2026-09-23T15:06:15.392,17876,71.504,13,fixation,+,2
2026-09-23T15:06:17.382,18373,73.492,14,cue_right,RIGHT,1.5
2026-09-23T15:06:18.885,18749,74.996,15,move_right,SQUEEZE RIGHT HAND,4
2026-09-23T15:06:22.891,19746,78.984,16,rest,REST,3
2026-09-23T15:06:25.890,20493,81.972,17,fixation,+,2
2026-09-23T15:06:27.884,20994,83.976,18,cue_left,LEFT,1.5
2026-09-23T15:06:29.387,21370,85.48,19,move_left,SQUEEZE LEFT HAND,4
2026-09-23T15:06:33.387,22367,89.468,20,rest,REST,3
2026-09-23T15:06:36.389,23117,92.468,21,fixation,+,2
2026-09-23T15:06:38.387,23612,94.448,22,cue_left,LEFT,1.5
2026-09-23T15:06:39.880,23988,95.952,23,move_left,SQUEEZE LEFT HAND,4
2026-09-23T15:06:43.893,24990,99.96,24,rest,REST,3
2026-09-23T15:06:46.885,25736,102.944,25,fixation,+,2
2026-09-23T15:06:48.883,26235,104.94,26,cue_right,RIGHT,1.5
2026-09-23T15:06:50.390,26611,106.444,27,move_right,SQUEEZE RIGHT HAND,4
2026-09-23T15:06:54.383,27605,110.42,28,rest,REST,3
2026-09-23T15:06:57.387,28355,113.42,29,fixation,+,2
2026-09-23T15:06:59.387,28855,115.42,30,cue_left,LEFT,1.5
2026-09-23T15:07:00.888,29222,116.888,31,move_left,SQUEEZE LEFT HAND,4
2026-09-23T15:07:04.886,30227,120.908,32,rest,REST,3
2026-09-23T15:07:07.884,30976,123.904,33,fixation,+,2
2026-09-23T15:07:09.882,31474,125.896,34,cue_right,RIGHT,1.5
2026-09-23T15:07:11.380,31848,127.392,35,move_right,SQUEEZE RIGHT HAND,4
2026-09-23T15:07:15.381,32845,131.38,36,rest,REST,3
2026-09-23T15:07:18.382,33596,134.384,37,fixation,+,2
2026-09-23T15:07:20.382,34095,136.38,38,cue_left,LEFT,1.5
2026-09-23T15:07:21.894,34472,137.888,39,move_left,SQUEEZE LEFT HAND,4
2026-09-23T15:07:25.890,35464,141.856,40,rest,REST,3
2026-09-23T15:07:28.884,36215,144.86,41,fixation,+,2
2026-09-23T15:07:30.892,36718,146.872,42,cue_left,LEFT,1.5
2026-09-23T15:07:32.390,37092,148.368,43,move_left,SQUEEZE LEFT HAND,4
2026-09-23T15:07:36.383,38088,152.352,44,rest,REST,3
2026-09-23T15:07:39.380,38833,155.332,45,fixation,+,2
2026-09-23T15:07:41.386,39334,157.336,46,cue_left,LEFT,1.5
2026-09-23T15:07:42.888,39711,158.844,47,move_left,SQUEEZE LEFT HAND,4
2026-09-23T15:07:46.887,40696,162.784,48,rest,REST,3
2026-09-23T15:07:49.893,41459,165.836,49,fixation,+,2
2026-09-23T15:07:51.885,41955,167.82,50,cue_right,RIGHT,1.5
2026-09-23T15:07:53.385,42330,169.32,51,move_right,SQUEEZE RIGHT HAND,4
2026-09-23T15:07:57.380,43328,173.312,52,rest,REST,3
2026-09-23T15:08:00.381,44075,176.3,53,fixation,+,2
2026-09-23T15:08:02.388,44573,178.292,54,cue_left,LEFT,1.5
2026-09-23T15:08:03.887,44951,179.804,55,move_left,SQUEEZE LEFT HAND,4
