Item,Designator,Qty,Comment,Value,Footprint,Manufacturer,Manufacturer Part,Description,LCSC Part #
1,"C2,C4",2,C,100uF,SM 1206,Yageo,CC1206MKX5R5BB107,MLCC,C15008
2,"C1,C8,C25,C29,C31,C33,C37",7,C,10uF,SM0603,Murata,GRM188C80G106KE47D,MLCC,C19702
3,"C32,C35,C36,C38,C40",5,C,2.2uF,EIA_0402,Murata,GRM155C80J225ME95D,MLCC,C12530
4,C39,1,C,2.2uF,EIA_0402,Murata,GRM155R61C225KE44D,MLCC,C170151
5,"C6,C7,C14,C17,C18,C19,C21,C22,C27",9,C,1uF,EIA_0402,Yageo,CC0402KRX7R5BB105,MLCC,C52923
6,"C5,C10,C12,C13,C15,C24,C28",7,C,0.1uF,EIA_0402,Yageo,CC0402KRX7R7BB104,MLCC,C1525
7,C30,1,C,0.01uF,EIA_0402,Yageo,CC0402KRX7R7BB103,MLCC,C15195
8,C16,1,C,0.001uF,EIA_0402,Yageo,CC0402KRX7R7BB102,MLCC,C1523
9,"C20,C23",2,C,18pF,EIA_0402,Yageo,CC0402JRNPO9BN180,MLCC,C1549
10,"R1,R2,R3,R4,R6",5,R,2.2K,SM,Yageo,YC164-JR-072K2L,4 R-ARRAY,C136829
11,"C3,C9,C11,C26,C34",5,C,0.001uF,SM,Yageo,CA0508KRX7R9BB102,4 CAP ARRAY,C576623
12,U1,1,U,,LGA,ST,LIS3DHTR ,ST ACCELEROMETER,C15134
13,U2,1,U,,SM,TI,SN74LVC1G32DCKR, OR_GATE,C7840
14,U3,1,U,,SOT-23-6,TI,LM2664M6/NOPB,V INVERTER,C108573
15,U4,1,U,,SOT-23-5,TI,TLV70025QDDCRQ1,+2.5V LDO REG,C19619
16,U5,1,U,,SM,Microchip,MCP1754T-3302E/OT,3V3 LDO REG,C295712
17,U6,1,U,,TQFP-64,TI,ADS1299IPAG,ADS1299,C476817
18,U7,1,U,,SSOP-28,Microchip,PIC32MX250F128B-I/SS,PIC32 MICROCONTROLLER,C1337166
19,VR1,1,VR,,SM,TI,TPS72325DBVR,-2.5 LDO REG,C69932
20,BLE1,1,BLE,,SM,RF DIGITAL,RFD22301,BTLE Module,
21,D1,1,D,LED,SM 0603,Lite-On,LTST-C193TBKT-5A ,BLUE LED,C2290
22,D8,2,D,,SM 0603,Generic,1N4148WT,DIODE,C232841
23,D9,1,D,,SM 0603,Generic,BAT54X,DIODE,C19627026
24,"D2,D3,D4,D5,D6,D7",6,D,,SM,TI,TPD4E1B06DCKR,TI QUAD TVS,C840093
25,D10,1,D,3V,SOD-923,Diodes Inc,DZ9F3V0S92-7,3V Zener Diode,C5244901
26,"R8,R10,R11",3,R,1K,EIA_0402,Yageo,RT0402FRE071KL,Resistor,C11702
27,R5,1,R,1M,EIA_0402,Yageo,RC0402JR-071ML,Resistor,C26083
28,"R7,R9",2,R,470K,EIA_0402,Yageo,RC0402JR-07470KL,Resistor,C25790
29,X1,1,X,8MHz,SM,ABRACON,ABMM2-8.000MHZ-E2-T ,8MHz XTAL,C431529
30,B1,1,BATT,,SM,JST Sales,S2B-PH-SM4-TB(LF)(SN),CONN HEADER PH SIDE 2POS 2MM SMD,C295747
31,SW2,1,S,,SM,COPAL,CUS-13TB ,SP3T SLIDE SWITCH,
32,"SW1,SW3",2,S,,SM,C&K,PTS810 SJK 250 SMTR LFS ,TACT SWITCH,C2689510
33,CONN1,1,CONN,,SM,SUNTECH,ST-TF-003A,microSD card slot,C91145
34,PL1,1,J,,DIP,Wurth,61302221021,"Dual 11 x 2  0.1"" pitch MALE header row Right Angle",
