Designator,Val,Layer,Mid X,Mid Y,Rotation
J2,2WP,Top,40.9194,37.6682,180.00
J3,4WP,Top,48.5648,9.5250,315.00
J4,4WP,Top,53.4416,18.7706,0.00
PL1,26WDP,Top,30.9118,53.8226,270.00
C1,0603YC104KATDA,Top,19.9136,36.1188,270.00
C8,0603YC104KATDA,Top,22.3774,4.4196,180.00
C25,0603YC104KATDA,Bottom,31.7754,22.0980,90.00
C29,0603YC104KATDA,Bottom,34.8742,28.9052,270.00
C31,06033G104ZATDA,Bottom,34.2646,19.5072,180.00
C33,06033G104ZATDA,Bottom,37.1856,23.3934,270.00
X1,ABRACON_XTAL,Top,42.4688,20.1930,270.00
U6,ADS1299,Top,29.7688,35.6362,270.00
B1,BATT,Bottom,50.6222,37.5158,180.00
C5,C,Top,22.1742,36.3982,180.00
C6,C,Top,21.4884,34.7980,270.00
C7,C,Top,21.4884,31.3944,270.00
C10,C,Top,23.9014,4.7244,180.00
C12,C,Top,34.3154,28.1432,90.00
C13,C,Bottom,28.5750,36.8300,0.00
C14,C,Top,34.3154,27.1272,90.00
C15,C,Top,37.4142,35.6616,0.00
C16,C,Top,38.3032,39.3700,0.00
C17,C,Bottom,29.5402,36.8300,0.00
C18,C,Bottom,29.9974,35.2044,270.00
C19,C,Top,38.3286,35.6616,0.00
C20,C,Top,41.8084,24.1046,90.00
C21,C,Bottom,29.9974,34.2392,270.00
C22,C,Bottom,30.5054,36.8300,0.00
C23,C,Top,43.1800,16.3322,270.00
C24,C,Bottom,31.4706,36.8300,0.00
C27,C,Bottom,32.9946,36.3220,270.00
C28,C,Bottom,32.9946,35.3568,270.00
C30,C,Bottom,34.4424,23.4442,90.00
C32,C,Bottom,37.5920,28.6512,90.00
C35,C,Bottom,39.6494,28.6258,270.00
C36,C,Bottom,39.6240,26.4668,180.00
C38,C,Bottom,46.4820,27.7368,0.00
C39,C,Bottom,48.6918,25.5524,90.00
C40,C,Bottom,48.6664,19.2532,90.00
C37,C 10uF,Bottom,41.0972,30.1244,270.00
C2,C 100uF,Top,19.5834,33.1978,90.00
C4,C 100uF,Bottom,20.0406,4.9784,315.00
R1,CAY16-F4 R-ARRAY,Top,20.2184,46.8122,180.00
R2,CAY16-F4 R-ARRAY,Top,25.0952,46.7868,180.00
R3,CAY16-F4 R-ARRAY,Top,29.9720,46.8122,180.00
R4,CAY16-F4 R-ARRAY,Top,34.8488,46.7868,180.00
R6,CAY16-F4 R-ARRAY,Top,39.7764,46.7868,180.00
LOGO1,CHIPKIT,Top,35.9156,11.5316,0.00
C3,CKCL44X7R1H102M085AA,Bottom,20.1676,41.7830,0.00
C9,CKCL44X7R1H102M085AA,Bottom,25.3492,41.7830,0.00
C11,CKCL44X7R1H102M085AA,Bottom,29.8704,41.7830,0.00
C26,CKCL44X7R1H102M085AA,Bottom,34.3408,41.7830,0.00
C34,CKCL44X7R1H102M085AA,Bottom,39.1160,41.7830,0.00
SW2,CUS-3B SP3T SLIDE SWITCH,Bottom,59.4614,30.3784,90.00
D1,DI0603,Top,45.9740,17.8308,0.00
D8,DI0603,Top,57.0738,32.0294,0.00
D9,DI0603,Bottom,50.5968,28.2194,180.00
U1,LIS3DHTR ACCELEROMETER,Top,22.4790,7.9248,180.00
U3,LM2664,Bottom,37.0586,19.9136,180.00
U5,LP5907,Bottom,49.1490,22.3266,180.00
U7,PIC32MX250F128B,Top,33.5534,19.8120,90.00
J1,PINHEAD-8,Top,13.7922,30.6070,315.00
D2,Quad TVS TPD4E1B06,Bottom,19.5326,49.8094,0.00
D3,Quad TVS TPD4E1B06,Bottom,24.4602,49.8602,0.00
D4,Quad TVS TPD4E1B06,Bottom,29.5910,49.9618,0.00
D5,Quad TVS TPD4E1B06,Bottom,34.6202,50.0126,0.00
D6,Quad TVS TPD4E1B06,Bottom,39.7002,50.0634,0.00
D7,Quad TVS TPD4E1B06,Bottom,44.8310,50.1142,0.00
D10,R,Bottom,54.6608,27.8892,0.00
R5,R,Top,37.3634,39.3446,180.00
R7,R,Top,45.9232,23.2156,0.00
R8,R,Top,47.3202,17.9832,0.00
R9,R,Top,48.9458,37.2618,270.00
R10,R,Top,55.7530,27.9654,180.00
R11,R,Bottom,55.8038,27.8892,180.00
BLE1,RFD22301,Bottom,35.5600,7.7470,0.00
CONN1,SEEEDmicroSD,Bottom,14.3256,14.2494,315.00
PL2,SMT_QUAD_04,Bottom,7.8232,31.4198,135.00
U2,SN74LVC1G32DCKR OR_GATE,Top,25.4000,14.3510,0.00
SW1,SW_TACT,Top,48.3870,33.8074,0.00
SW3,SW_TACT,Top,48.4886,25.4508,180.00
U4,TLV700xx LDO REG,Bottom,43.4594,27.2288,90.00
VR1,TPS72325,Bottom,36.4744,26.0858,90.00
